[
    {
        "id":1,
        "url":"https://media.istockphoto.com/id/1429829435/photo/luxury-sports-car-in-underground-garage.webp?b=1&s=170667a&w=0&k=20&c=GCl2wFjBWlFsQ7V7uxZC0i97LfjY-fg6So6_vCT3Wo4=",
        "title":"Toyota RAV4",
        "year" : 2021,
        "milege":"6.1/Litre",
        "fuel" : "Hybrid",
        "people": 4,
        "mode":"Automatic",
        "price":400
    },
    {
        "id":2,
        "url":"https://images.unsplash.com/photo-1494976388531-d1058494cdd8?ixlib=rb-4.0.3&ixid=M3wxMjA3fDB8MHxleHBsb3JlLWZlZWR8NHx8fGVufDB8fHx8fA%3D%3D&auto=format&fit=crop&w=500&q=60",
        "title":"Mustang",
        "year" : 2022,
        "milege":"4.1/Litre",
        "fuel" : "Hybrid",
        "people": 2,
        "mode":"Automatic",
        "price":800
    },
    {
        "id":3,
        "url":"https://images.unsplash.com/photo-1511919884226-fd3cad34687c?ixlib=rb-4.0.3&ixid=M3wxMjA3fDB8MHxwaG90by1wYWdlfHx8fGVufDB8fHx8fA%3D%3D&auto=format&fit=crop&w=1470&q=80",
        "title":"lamborghini ",
        "year" : 2023,
        "milege":"5.1/Litre",
        "fuel" : "Hybrid",
        "people": 2,
        "mode":"Automatic",
        "price":600
    }, {
        "id":4,
        "url":"https://wallpapercrafter.com/desktop/53872-dodge-challenger-cars-vintage-cars-4k-hd-muscle-cars.jpg",
        "title":"Vintage",
        "year" : 2002,
        "milege":"7/Litre",
        "fuel" : "Gas",
        "people": 4,
        "mode":"manual",
        "price":400
    }, {
        "id":5,
        "url":"https://imgd-ct.aeplcdn.com/664x415/n/cw/ec/148477/thar-right-front-three-quarter-5.jpeg?isig=0&q=80",
        "title":"Mahindra Thar",
        "year" : 2021,
        "milege":"6.1/Litre",
        "fuel" : "Hybrid",
        "people": 4,
        "mode":"Automatic",
        "price":200
    }, {
        "id":6,
        "url":"https://imgd.aeplcdn.com/642x361/n/cw/ec/122285/porsche-macan-right-front-three-quarter0.jpeg?isig=0&wm=1&q=80",
        "title":"Toyota RAV4",
        "year" : 2021,
        "milege":"6.1/Litre",
        "fuel" : "Hybrid",
        "people": 4,
        "mode":"Automatic",
        "price":400
    }, {
        "id":7,
        "url":"https://www.shutterstock.com/shutterstock/photos/1908661804/display_1500/stock-photo--d-rendering-of-a-brand-less-generic-suv-1908661804.jpg",
        "title":"SUV",
        "year" : 2021,
        "milege":"51/Litre",
        "fuel" : "Hybrid",
        "people": 6,
        "mode":"Automatic",
        "price":550
    },
    {
        "id":8,
        "url":"https://www.shutterstock.com/shutterstock/photos/1906853713/display_1500/stock-photo--d-rendering-of-a-brand-less-generic-suv-1906853713.jpg",
        "title":"SUV 2",
        "year" : 2021,
        "milege":"4/Litre",
        "fuel" : "Gas",
        "people": 6,
        "mode":"Manual",
        "price":600
    },
    {
        "id":9,
        "url":"https://cdn.carbuzz.com/gallery-images/1600/1075000/600/1075684.jpg",
        "title":"Sports",
        "year" : 2022,
        "milege":"2.1/Litre",
        "fuel" : "Hybrid",
        "people": 4,
        "mode":"Automatic",
        "price":800
    },
    {
        "id":10,
        "url":"https://i.ytimg.com/vi/20Mhoc49fp8/maxresdefault.jpg",
        "title":"Mercedes",
        "year" : 2021,
        "milege":"6.1/Litre",
        "fuel" : "Hybrid",
        "people": 2,
        "mode":"Automatic",
        "price":440
    },
    {
        "id":11,
        "url":"https://images.unsplash.com/photo-1536150794560-43f988aec18e?ixlib=rb-4.0.3&ixid=M3wxMjA3fDB8MHxwaG90by1yZWxhdGVkfDE0fHx8ZW58MHx8fHx8&w=1000&q=80",
        "title":"Audi",
        "year" : 2020,
        "milege":"6.1/Litre",
        "fuel" : "Hybrid",
        "people": 4,
        "mode":"Automatic",
        "price":450
    },
    {
        "id":12,
        "url":"https://d2m3nfprmhqjvd.cloudfront.net/blog/20220228144155/Hyundai-Alcazar.jpg",
        "title":"Alcazar",
        "year" : 2021,
        "milege":"6.1/Litre",
        "fuel" : "Hybrid",
        "people": 4,
        "mode":"Automatic",
        "price":300
    },
    {
        "id":13,
        "url":"https://imgd-ct.aeplcdn.com/1056x660/n/cw/ec/141115/creta-exterior-right-side-view.jpeg?isig=0&q=80",
        "title":"Creata",
        "year" : 2021,
        "milege":"6.1/Litre",
        "fuel" : "Hybrid",
        "people": 4,
        "mode":"Automatic",
        "price":400
    },
    {
        "id":14,
        "url":"https://images.news18.com/ibnlive/uploads/2023/03/hv-1.jpg",
        "title":"Verna",
        "year" : 2021,
        "milege":"6.1/Litre",
        "fuel" : "Hybrid",
        "people": 4,
        "mode":"Automatic",
        "price":400
    },
    {
        "id":15,
        "url":"https://www.carblogindia.com/wp-content/uploads/2019/07/Tata-Harrier-Black-Edition-front.jpg",
        "title":"Harrier",
        "year" : 2021,
        "milege":"6.1/Litre",
        "fuel" : "Hybrid",
        "people": 4,
        "mode":"Automatic",
        "price":400
    },
    {
        "id":16,
        "url":"https://www.inventiva.co.in/wp-content/uploads/2022/05/how-much-dealer-earns-selling-car-toyota-fortuner.jpeg",
        "title":"Fortuner",
        "year" : 2021,
        "milege":"6.1/Litre",
        "fuel" : "Hybrid",
        "people": 4,
        "mode":"Automatic",
        "price":400
    }

]